Survived,Pclass,Sex,Age,SibSp,Parch,Fare,Embarked,Name
0,3,male,31.692101693986544,0,1,16.00944361885238,C,Passenger_0
1,3,male,26.924879713715214,2,1,155.781527913457,S,Passenger_1
1,2,female,16.701240288327018,0,2,153.5579410874071,S,Passenger_2
0,3,female,9.224499312105959,1,2,21.718471169660152,S,Passenger_3
0,1,male,,1,0,5.0,S,Passenger_4
0,2,male,30.666257684755646,2,1,9.867390743107393,S,Passenger_5
0,3,male,7.645532736731621,0,1,24.896933703682148,S,Passenger_6
1,1,male,13.126581668783636,3,1,147.61419659569103,S,Passenger_7
0,1,male,25.947497705224922,3,2,7.61090612731614,S,Passenger_8
1,1,female,0.5,1,0,72.09370327744139,S,Passenger_9
0,1,male,39.90571596861602,2,1,5.752730898596464,C,Passenger_10
1,1,female,,0,2,198.84828678910108,S,Passenger_11
1,3,male,27.91678652134118,0,1,24.032323119181658,C,Passenger_12
0,2,male,29.21026917232005,1,0,74.63489077781293,Q,Passenger_13
0,3,female,36.53286408254532,1,1,20.97245267582794,S,Passenger_14
0,3,male,28.416468766541488,0,0,49.39858527310383,S,Passenger_15
0,2,male,57.25071149366534,0,0,10.660656375783343,S,Passenger_16
0,2,male,32.02843634195901,1,1,7.892434912818771,Q,Passenger_17
0,2,female,43.750573589411246,0,1,139.08279692871957,Q,Passenger_18
0,3,female,18.87152067581597,3,0,124.8371883853331,S,Passenger_19
0,2,male,30.69059528665255,1,2,109.22630042230313,S,Passenger_20
0,3,male,50.66598133040497,0,0,49.099289432611755,C,Passenger_21
0,2,male,25.672268254345028,1,1,82.58289084967905,S,Passenger_22
0,3,female,31.691286698733233,2,1,5.0,C,Passenger_23
0,2,female,42.73194828792465,1,2,20.382552919678808,Q,Passenger_24
1,2,male,18.608786717317116,1,0,18.822249106318527,S,Passenger_25
0,3,male,0.5,2,0,50.48137477576721,S,Passenger_26
0,3,male,32.578031151973164,3,0,21.999549294118882,S,Passenger_27
0,1,female,42.84136837101204,0,1,8.038187163035273,S,Passenger_28
0,3,female,10.079759291512403,2,0,45.3748598556454,S,Passenger_29
0,3,male,38.38307856188274,1,2,84.20374140282519,C,Passenger_30
0,3,male,38.47752942275353,0,1,24.073333535811166,Q,Passenger_31
0,3,male,0.5,2,1,7.093659592899565,Q,Passenger_32
1,2,female,15.891959146305188,0,0,10.950617157946793,,Passenger_33
1,1,male,23.458397069756728,0,2,13.556543794021753,C,Passenger_34
1,2,female,,2,1,17.826432945840843,C,Passenger_35
0,3,male,18.596120293248227,0,1,51.47228148503714,S,Passenger_36
0,3,male,17.841960749849456,3,0,45.93286205970264,S,Passenger_37
1,2,male,52.400760476549294,2,0,59.54951573057114,S,Passenger_38
0,1,male,,3,2,22.510205747250506,Q,Passenger_39
0,3,male,19.26938875790365,1,0,86.86289712209756,S,Passenger_40
0,3,female,28.4236273232243,0,2,11.41331131411435,C,Passenger_41
0,3,male,36.51927166285601,1,1,31.653499900349047,S,Passenger_42
1,1,male,29.72276927395691,1,2,80.70712848531731,S,Passenger_43
0,2,male,26.119813728408374,0,2,9.932221514339053,S,Passenger_44
1,1,female,19.899766638613656,2,2,5.819001164852889,S,Passenger_45
0,3,female,19.730168163453612,0,1,107.57221879443219,S,Passenger_46
0,1,male,20.630682589204966,1,0,20.998210401133296,S,Passenger_47
0,3,female,33.74340441135032,1,1,57.58010763540457,C,Passenger_48
0,2,male,15.08147870637498,2,0,5.0,S,Passenger_49
1,3,male,34.505769128583104,0,2,58.566712293826605,S,Passenger_50
1,3,female,48.781926578775625,1,2,18.997274431331455,S,Passenger_51
1,3,female,33.5599030093848,3,2,5.0,S,Passenger_52
1,1,female,23.82580259516008,1,2,47.056427823716504,S,Passenger_53
0,1,male,10.826223609235175,1,2,13.774752906947654,S,Passenger_54
1,1,male,51.0934953107612,2,0,24.453797115747513,Q,Passenger_55
0,3,female,12.619752891615228,3,0,5.0,S,Passenger_56
0,3,male,40.87986848266047,1,2,7.95935672216736,,Passenger_57
0,3,male,37.9392500483228,1,1,17.68947237067529,Q,Passenger_58
0,3,male,25.685239558503167,3,1,5.0,S,Passenger_59
0,3,male,25.31829674707051,0,2,120.85843649551245,S,Passenger_60
0,1,male,3.3000421634257115,0,0,5.0,S,Passenger_61
1,3,female,33.6209100113767,1,1,33.068882825591274,Q,Passenger_62
0,2,male,37.67896865354127,1,1,6.576524538653421,Q,Passenger_63
0,2,male,13.752878373930736,0,1,18.385284366564466,S,Passenger_64
0,3,male,26.81849935939256,2,2,130.22476861313058,C,Passenger_65
0,1,female,29.5300668101253,3,1,8.818637500620277,S,Passenger_66
1,1,male,37.184016791293956,3,1,168.82375513656626,Q,Passenger_67
0,3,male,29.053243065724622,2,1,11.520644010807302,Q,Passenger_68
1,1,female,6.231529044537822,2,1,67.65576782451039,S,Passenger_69
1,3,female,21.58087122752515,2,0,39.55754838216908,S,Passenger_70
0,2,female,32.144760995446276,2,2,107.91502946636452,S,Passenger_71
0,2,female,40.78139678855663,2,2,40.371060244306136,S,Passenger_72
1,2,male,20.353087468480545,2,0,38.23852032951791,C,Passenger_73
1,2,female,59.627098243700274,3,0,10.874105401548078,S,Passenger_74
1,3,male,2.477377036282494,2,2,9.089846444861461,S,Passenger_75
1,2,female,21.108197549189384,0,1,124.13893644023844,S,Passenger_76
0,3,female,27.837529551101177,2,1,19.86280959599893,Q,Passenger_77
0,3,female,26.189511710259904,2,2,23.267305016637415,,Passenger_78
0,3,female,,3,1,71.3190934446603,S,Passenger_79
1,3,male,35.27006446852511,3,0,20.68672142609829,S,Passenger_80
1,3,male,34.195316718394906,2,1,151.8928043359221,Q,Passenger_81
0,1,female,29.671460243741652,3,1,66.95675611862521,C,Passenger_82
0,1,female,33.64581408561922,1,1,45.494220136248835,S,Passenger_83
0,2,male,23.067130239727568,3,2,106.38755849505417,S,Passenger_84
0,3,male,6.356918698480051,3,0,5.0,S,Passenger_85
1,1,male,18.967041819268573,3,1,14.857180746479342,S,Passenger_86
1,3,female,31.198764139732177,3,2,31.277822441201366,S,Passenger_87
1,3,female,31.278421807849544,0,1,12.872423406502643,Q,Passenger_88
0,2,male,29.57930673620187,0,0,68.11037704843596,S,Passenger_89
0,3,male,36.68191575179044,0,1,125.79388563121465,C,Passenger_90
1,1,female,20.86395536369977,2,0,27.562430028113017,S,Passenger_91
1,1,female,29.373534799547503,2,1,20.937594394579033,,Passenger_92
0,3,male,37.0092988976689,1,0,162.92078122504407,C,Passenger_93
1,3,male,27.811542540967054,0,1,29.426065689005444,S,Passenger_94
0,3,male,11.593465002314616,2,0,33.57402051931337,,Passenger_95
0,2,male,15.539162824822473,3,1,21.666220404518967,S,Passenger_96
0,2,male,40.63193253991113,3,1,120.14705925810722,S,Passenger_97
0,3,female,48.49461028119602,0,2,42.07719535815295,S,Passenger_98
0,3,female,45.45396350953669,1,2,71.81092170419447,S,Passenger_99
0,3,male,32.25018329638849,1,0,83.51428752002451,Q,Passenger_100
1,2,female,12.1561435717663,3,1,20.916047719541602,S,Passenger_101
0,3,male,28.911078205179837,1,0,28.43106479415647,,Passenger_102
0,2,male,50.8715718473059,0,2,94.34916819182006,S,Passenger_103
1,1,male,37.65883732639065,3,0,22.569328491566296,C,Passenger_104
0,3,male,26.095314682425784,2,0,78.97821368013676,S,Passenger_105
0,1,female,37.80075325977703,2,2,141.5043858842527,C,Passenger_106
1,3,female,,1,1,48.80341330162804,S,Passenger_107
0,2,male,19.26060071012517,3,0,67.66760571219642,S,Passenger_108
0,1,male,13.821320525687451,3,2,81.76274405433674,S,Passenger_109
0,3,female,35.574005456878055,2,1,93.22929970591488,S,Passenger_110
0,3,male,38.997448996081296,3,2,25.130749329227054,S,Passenger_111
1,3,male,26.846435619222866,3,0,5.0,S,Passenger_112
1,3,female,16.778984525646074,3,1,25.697882107342817,S,Passenger_113
1,3,male,28.723512690515218,1,1,56.00552078255975,C,Passenger_114
1,3,male,22.187881530566695,3,2,29.9237134411888,S,Passenger_115
1,3,male,17.853610134287575,0,2,69.10777706523328,S,Passenger_116
0,2,female,33.74591159432945,1,2,22.07916146263214,,Passenger_117
1,3,male,18.388108884738568,3,1,50.357859384851785,S,Passenger_118
0,1,male,7.071103738502703,3,1,10.315538839664775,S,Passenger_119
1,3,female,10.182397414915386,0,0,69.18876416211573,S,Passenger_120
1,3,male,6.554353464576707,1,1,39.449431642658354,Q,Passenger_121
0,1,female,32.46516683206686,2,0,11.411849327172884,C,Passenger_122
0,3,male,31.105676134466293,2,2,17.25928659983607,C,Passenger_123
0,3,female,30.40728132311427,1,2,69.0372311883699,S,Passenger_124
0,1,male,37.22824313471919,3,1,32.94706987231407,C,Passenger_125
1,3,male,45.68742398563963,3,2,12.16931809890208,S,Passenger_126
1,3,male,20.708268568448386,2,2,170.9749780262704,S,Passenger_127
0,1,male,,2,1,62.78524304898707,S,Passenger_128
0,3,female,6.885382896317722,2,0,157.48478650852593,S,Passenger_129
0,2,female,48.30193644768691,0,1,27.852645215486184,S,Passenger_130
0,3,male,11.572362664945803,2,0,32.22740798921673,S,Passenger_131
0,3,male,19.058864333433874,0,1,114.11717525227878,,Passenger_132
0,3,female,20.632066807736706,1,1,37.227217727180204,S,Passenger_133
1,3,female,7.632206045889031,3,2,61.42675205466504,S,Passenger_134
0,3,male,29.456058083719867,2,1,14.52917236831758,S,Passenger_135
0,3,male,31.994654154820743,3,1,29.59513840544568,C,Passenger_136
1,2,male,26.348208606258304,3,0,6.5880689046928325,S,Passenger_137
0,3,female,7.436533151564927,2,2,11.532333715965667,C,Passenger_138
1,1,male,56.76740728792396,2,0,5.0,S,Passenger_139
1,3,male,36.68923115102307,1,0,5.0,S,Passenger_140
0,1,male,65.87910861109941,0,2,189.2338986460617,S,Passenger_141
0,1,female,17.728470641591905,0,2,13.876930925721453,S,Passenger_142
0,1,male,42.41035119447767,3,2,54.429738028983145,C,Passenger_143
0,3,male,39.90983442351829,2,1,91.34851765064849,S,Passenger_144
0,2,male,24.93194855663693,1,2,39.99882307589983,S,Passenger_145
0,3,male,48.75471261482914,1,2,8.311260055428344,C,Passenger_146
0,1,male,23.324259893407103,1,2,65.11906913898305,S,Passenger_147
0,2,male,23.9475201280555,1,0,45.84597273639555,S,Passenger_148
0,3,male,0.5,1,0,65.69879462315672,S,Passenger_149
1,3,male,,0,1,73.42874683334661,S,Passenger_150
0,2,male,10.442861236446308,0,0,185.27151877392393,S,Passenger_151
0,3,female,21.289903260262843,0,1,42.61456467891168,S,Passenger_152
0,3,female,14.632925057569615,2,0,20.900253745108895,Q,Passenger_153
1,3,male,23.872758449544335,3,2,52.272236948028784,S,Passenger_154
0,1,female,35.2143232230441,1,0,5.0,S,Passenger_155
1,1,male,29.155981882682603,2,1,113.84456046852655,S,Passenger_156
1,3,male,38.934978067081296,1,0,6.356511128522883,Q,Passenger_157
0,1,male,46.71881349819884,0,2,19.863154680455146,,Passenger_158
1,3,male,23.836856886510304,2,1,84.57183384991586,S,Passenger_159
0,3,female,22.300058611774407,0,2,45.47970749700628,S,Passenger_160
1,3,female,42.40818715126814,1,2,25.013701101250412,S,Passenger_161
1,3,female,43.51866204235901,1,1,32.06908752292723,S,Passenger_162
0,3,male,39.36827215344266,3,2,96.39524859532233,S,Passenger_163
0,2,male,15.669496705649108,1,2,20.776104476451934,S,Passenger_164
1,3,male,34.91717091702245,0,0,101.87648602969111,S,Passenger_165
0,2,male,30.532588456662047,1,2,5.0,Q,Passenger_166
0,3,male,43.735405178895284,3,2,74.98400233730234,S,Passenger_167
0,3,male,20.97979074647152,3,2,94.04515398126733,Q,Passenger_168
0,3,male,5.667455923901173,0,2,10.033502446510932,S,Passenger_169
1,3,male,38.66331520532381,2,1,28.136352728059187,S,Passenger_170
0,3,female,0.5,1,0,9.046113292735315,S,Passenger_171
0,2,female,18.758812345451382,3,2,61.31162431452706,S,Passenger_172
0,2,female,14.675262841543878,1,2,38.32330207536979,S,Passenger_173
1,3,male,14.580914607319544,1,1,50.437209970856166,S,Passenger_174
0,1,male,18.513559406628662,2,2,10.938093679768638,S,Passenger_175
1,1,male,46.043229976522824,3,1,11.896736551684729,S,Passenger_176
0,2,female,40.48777586608922,1,0,5.0,C,Passenger_177
1,2,male,25.47577045210493,3,0,19.435380271816012,S,Passenger_178
0,2,male,44.87072860602669,0,2,41.02002026184067,S,Passenger_179
0,1,female,14.127839827670764,0,2,97.57349871303201,S,Passenger_180
0,1,male,12.224032599539786,1,2,54.96974686168278,Q,Passenger_181
1,1,male,41.09035322945226,3,1,28.58156256583508,S,Passenger_182
1,3,male,37.115005210517054,1,2,153.00832869321738,S,Passenger_183
0,2,male,22.55631237783348,3,2,63.51367952496542,S,Passenger_184
1,2,male,13.103547488226173,3,0,133.0811433556138,S,Passenger_185
1,3,male,49.43624625053116,2,2,37.49518681013277,Q,Passenger_186
0,1,male,4.918564286730543,2,0,14.981273910731716,S,Passenger_187
0,3,male,,2,2,5.0,S,Passenger_188
0,3,female,32.20007138525056,1,0,64.7468448751117,S,Passenger_189
0,1,male,54.23030731804024,2,2,6.465757417544264,S,Passenger_190
1,2,male,34.36340296902509,2,0,18.032364611878844,Q,Passenger_191
1,3,male,35.724265142186184,0,1,38.01468515320969,S,Passenger_192
1,3,female,21.028628197926217,3,0,41.55344844754279,S,Passenger_193
0,3,male,,3,0,45.887489412362484,S,Passenger_194
0,3,male,30.474330492307217,2,0,9.091403749788478,S,Passenger_195
1,1,female,6.761496434154186,3,2,23.880617500038113,C,Passenger_196
1,3,female,40.1010879489035,0,2,48.01137694201848,S,Passenger_197
1,1,male,42.58550745785592,0,2,175.02691032642315,S,Passenger_198
1,3,female,40.247110683496274,2,1,65.02990099882649,C,Passenger_199
1,3,male,29.466590959321227,0,1,127.94085204151129,S,Passenger_200
0,3,male,15.613523635904938,3,0,71.81880019041758,S,Passenger_201
0,3,male,0.5,1,1,44.78973206920344,S,Passenger_202
1,1,male,,3,0,10.661107153887137,Q,Passenger_203
0,1,female,44.14718883637189,1,0,54.93346229838425,S,Passenger_204
0,1,male,42.93745456716313,2,0,48.82587024818461,C,Passenger_205
0,1,male,40.42501980751387,1,1,46.12413946485956,S,Passenger_206
1,3,female,27.961046300308528,0,2,33.64623873466977,S,Passenger_207
0,2,female,44.22449843644095,3,1,37.60841860176812,S,Passenger_208
0,1,male,41.93826553398264,1,0,20.356514221109112,S,Passenger_209
0,3,male,23.08313014989819,3,0,36.62691544645326,S,Passenger_210
1,3,male,38.472372232621865,2,1,11.004654540075027,S,Passenger_211
1,3,female,21.49657196426992,2,0,81.78252330108548,S,Passenger_212
0,3,female,36.560339242636914,0,0,10.276046954361123,C,Passenger_213
1,1,female,10.812366979785061,2,1,5.0,Q,Passenger_214
0,2,male,,1,1,28.6568669799841,S,Passenger_215
0,3,male,43.814898657214705,2,1,53.69219460689436,S,Passenger_216
1,3,male,42.12584171086671,0,0,28.78748428817034,S,Passenger_217
1,1,male,37.87056156806164,3,0,16.20030240877383,S,Passenger_218
1,3,male,30.231563494739625,3,2,40.84163828959275,C,Passenger_219
1,1,female,0.5,2,2,21.309086307366172,S,Passenger_220
0,1,male,27.951736865109147,1,1,135.05449163326034,S,Passenger_221
0,3,male,35.358564340657736,0,2,127.96759337628536,C,Passenger_222
0,3,female,21.51373453416572,1,0,34.89510536359083,S,Passenger_223
0,3,male,19.025081300684676,0,2,19.86621627042286,S,Passenger_224
0,1,female,49.22188543415169,2,0,66.80524243554146,S,Passenger_225
1,3,male,28.155954120517436,0,1,5.0,S,Passenger_226
0,2,male,35.367132374993325,0,1,32.19585623343909,S,Passenger_227
1,1,male,39.83784046267111,2,0,20.49801438558754,C,Passenger_228
1,3,male,14.979880928928912,1,2,126.62248720822467,C,Passenger_229
1,3,female,,2,1,5.0,S,Passenger_230
0,3,male,,0,1,40.23913109115993,Q,Passenger_231
0,3,male,,2,2,67.48145726709836,S,Passenger_232
0,3,male,29.559109561005666,0,2,33.181165307975945,C,Passenger_233
0,3,male,25.668790337140955,2,0,5.0,S,Passenger_234
1,1,female,32.76633695392547,3,2,179.6083130004628,,Passenger_235
0,2,male,32.4109186583853,3,2,36.491640351242474,Q,Passenger_236
0,2,female,,2,2,47.62002620964084,S,Passenger_237
1,2,female,15.05051635166106,1,0,13.499297670397967,Q,Passenger_238
0,3,male,25.081776793675697,0,0,33.03381414942359,C,Passenger_239
1,3,female,13.360021423728853,3,1,28.031395544308076,C,Passenger_240
1,1,male,14.83067159883392,1,0,5.0,S,Passenger_241
1,1,male,34.27203621194774,0,1,5.611444314044407,C,Passenger_242
0,3,male,40.33800978291837,3,2,90.84540907357625,C,Passenger_243
0,1,female,19.908516287587567,3,1,13.709998438399396,S,Passenger_244
1,3,female,39.80932704565405,2,1,10.843058312969116,Q,Passenger_245
0,3,male,44.562101199847554,0,2,35.150932302417466,S,Passenger_246
1,3,female,56.08588397806746,1,1,73.212174887384,S,Passenger_247
1,3,male,29.976455883774687,1,0,5.0,S,Passenger_248
1,3,male,20.04329661578214,1,0,42.99645561570667,S,Passenger_249
0,2,male,14.965392957517473,0,0,6.346827486498934,S,Passenger_250
0,3,female,13.57489522912149,1,0,5.0,S,Passenger_251
1,3,male,46.49692981965049,1,1,5.0,,Passenger_252
0,2,male,7.788665198620894,1,1,89.83782916409059,S,Passenger_253
0,3,male,46.04847879911681,2,2,6.2766012880686715,S,Passenger_254
0,3,male,16.841825590469917,2,1,5.0,S,Passenger_255
1,3,male,19.40711322996832,0,1,28.803765409826504,S,Passenger_256
1,3,male,,0,1,92.89287130413297,Q,Passenger_257
0,3,female,19.148836306068844,1,2,15.218248160799044,S,Passenger_258
0,3,male,42.04771656943405,2,0,27.384216618061018,C,Passenger_259
0,3,male,54.38681532775885,3,1,5.0,S,Passenger_260
1,3,male,19.795949794256067,3,2,29.808148693756927,S,Passenger_261
0,3,female,,1,2,43.09167572435212,S,Passenger_262
0,3,female,26.71350869802542,1,2,42.30408628003247,S,Passenger_263
1,3,male,36.57479468889693,2,0,20.20530351400584,S,Passenger_264
1,1,female,26.851220094618007,2,1,18.955755486777097,S,Passenger_265
1,3,male,48.42160375473634,2,2,5.6373653774398695,S,Passenger_266
1,3,male,45.052734831866985,0,0,22.848314940464515,C,Passenger_267
0,1,male,12.403527049668597,0,2,5.239959709907937,S,Passenger_268
0,3,male,36.293554318047605,1,2,72.74920922196848,S,Passenger_269
1,1,male,50.28474932233304,0,2,169.47475271097957,S,Passenger_270
1,2,female,22.073066759263632,2,2,175.4521435600952,S,Passenger_271
1,3,female,24.88029179489021,2,2,100.15036506594137,C,Passenger_272
1,1,female,21.607482030058627,0,0,45.913653437764154,S,Passenger_273
0,3,male,21.900941382670922,3,1,60.343131667104856,S,Passenger_274
0,3,male,5.641678273245329,1,1,16.788030681875032,Q,Passenger_275
1,3,female,10.403590679489291,3,1,49.81683304268637,S,Passenger_276
1,1,male,30.08463206232122,1,1,30.40810144761503,S,Passenger_277
1,2,male,50.190371645138896,3,0,32.89067558778896,,Passenger_278
1,3,male,20.41294862474404,0,0,70.89473372868666,,Passenger_279
1,3,female,20.001397758720188,1,0,16.5586002765583,C,Passenger_280
0,3,male,52.82129498589028,1,2,19.139185224449946,C,Passenger_281
0,2,male,13.484395534576183,1,2,129.27512083135065,Q,Passenger_282
0,3,female,5.742595722110092,2,2,5.0,,Passenger_283
0,3,male,17.400783894075005,2,1,33.24103924119852,S,Passenger_284
0,3,male,19.721017296878877,3,2,121.97800635492851,C,Passenger_285
0,1,male,4.535656814269085,0,1,47.126988129455,S,Passenger_286
0,3,male,27.207416112155443,2,2,39.52775611979838,S,Passenger_287
0,3,female,42.27824889806149,1,1,14.367051812518891,S,Passenger_288
0,3,male,10.996633167992432,2,2,21.024533103929677,S,Passenger_289
0,2,male,30.226095065350247,0,2,95.54350962767269,S,Passenger_290
0,3,female,34.543099458774826,2,0,40.960257788272166,C,Passenger_291
1,3,female,27.832620146159897,1,2,36.153748500393164,C,Passenger_292
0,1,female,31.59969625637483,3,2,5.24468198529216,S,Passenger_293
0,3,male,31.762581676332953,1,0,5.0,S,Passenger_294
0,3,male,17.62180860314195,0,1,165.77647978903974,S,Passenger_295
1,1,female,49.980156008166155,3,0,23.659327852463406,C,Passenger_296
0,2,female,46.468595677067015,2,0,46.217791135539464,S,Passenger_297
1,3,male,45.65875956137634,2,1,5.0,S,Passenger_298
0,1,male,43.191460367614084,2,2,57.460704644722796,S,Passenger_299
0,3,male,6.950287427937667,3,1,134.8308223448412,S,Passenger_300
0,2,female,41.964873289367524,1,2,42.861631879595805,S,Passenger_301
0,3,male,38.17841998569311,3,2,6.740342991521535,C,Passenger_302
1,1,male,7.4886693907870345,3,1,43.58039330275023,S,Passenger_303
1,3,male,,0,0,72.6959541128578,S,Passenger_304
1,3,female,32.87510829055404,3,1,26.078872281344022,S,Passenger_305
0,3,female,52.300439373744894,2,2,105.94561744885316,S,Passenger_306
0,3,male,39.146134010519624,1,1,52.30330982140459,C,Passenger_307
1,1,female,16.89607981810378,1,1,114.75511708146917,S,Passenger_308
0,3,female,52.73543841832748,1,2,48.8425669370165,C,Passenger_309
0,1,male,29.61291667799445,2,0,7.037179592046167,S,Passenger_310
0,1,male,25.418224083356716,2,1,18.53084928372473,S,Passenger_311
0,2,male,24.42034524775663,2,2,11.269487873151105,S,Passenger_312
1,3,female,6.270226667676134,2,2,119.74954846296511,S,Passenger_313
1,3,male,27.463226946574007,2,1,71.43923467867238,,Passenger_314
1,3,male,35.96479360227921,3,0,56.41210266796739,C,Passenger_315
0,2,female,23.60463341464698,2,1,17.902817713168634,S,Passenger_316
0,2,male,34.88633468146582,2,0,10.169789661595642,S,Passenger_317
0,3,female,16.89852500720147,2,0,70.62187429746099,C,Passenger_318
0,2,male,27.027009200113323,2,0,32.13771943366735,Q,Passenger_319
0,3,male,33.43156457252085,1,0,12.79557729516671,S,Passenger_320
1,1,female,31.655252278887893,2,1,47.93668871942185,Q,Passenger_321
1,3,female,6.523488743933353,3,2,5.0,S,Passenger_322
0,3,male,22.8539166878028,3,2,19.73889012717029,S,Passenger_323
1,1,female,52.484481024376485,3,2,31.607966021174843,C,Passenger_324
1,1,female,22.105754959372753,0,2,8.005992486055339,S,Passenger_325
0,3,male,29.22130561756575,1,2,208.84657736152673,S,Passenger_326
0,3,female,27.78541949231478,2,2,11.729020464797122,S,Passenger_327
0,2,male,50.95535662487512,0,1,6.98340231666427,C,Passenger_328
0,3,male,47.06515371072538,2,0,11.378596725190913,,Passenger_329
0,1,male,40.30543399746333,0,2,73.28011245991459,S,Passenger_330
1,2,female,15.37460761278453,0,1,27.71325162598201,S,Passenger_331
0,3,female,34.02856268868912,3,2,41.668294433376374,S,Passenger_332
0,2,male,36.95118440305185,3,2,5.0,S,Passenger_333
0,3,male,19.21953230165524,0,0,5.0,S,Passenger_334
0,2,male,16.812760518132357,3,0,29.51378748969702,C,Passenger_335
1,2,male,52.87019806089842,0,0,84.81934907777897,S,Passenger_336
1,3,female,24.788753628962997,1,2,108.24512585782784,S,Passenger_337
0,2,female,51.60967546475608,3,2,5.0,S,Passenger_338
0,3,male,42.95931257692347,3,2,38.64883160965252,S,Passenger_339
0,1,female,34.7102749532545,3,0,122.2245361819772,Q,Passenger_340
0,1,male,35.33544010903279,1,1,24.548923925152415,S,Passenger_341
0,1,female,9.394126155369253,0,2,88.47030824508788,S,Passenger_342
0,3,female,31.894846917681832,2,2,7.175949691092814,S,Passenger_343
0,2,male,48.83828578174277,3,2,136.9727786285637,S,Passenger_344
0,3,male,38.53875304459852,0,1,69.60019498419614,S,Passenger_345
1,3,female,31.160713618901745,1,2,141.79508158214003,S,Passenger_346
0,3,male,52.96712074143842,2,1,56.44593109592982,S,Passenger_347
0,1,male,26.409429882748743,3,2,22.58099703576552,S,Passenger_348
1,3,male,20.32622054969642,1,1,139.17736546059393,S,Passenger_349
0,3,male,31.1536468250956,1,2,16.11828451439742,S,Passenger_350
1,3,male,39.730543153562344,2,0,20.18627026807612,Q,Passenger_351
1,3,female,4.950882658684346,0,0,60.33355841550835,S,Passenger_352
0,3,female,32.988161008865845,3,0,72.47583134383784,S,Passenger_353
0,3,male,40.344830217508346,3,0,132.53872410029024,S,Passenger_354
1,1,female,25.225017245843947,0,2,11.458232657080353,S,Passenger_355
0,1,male,44.497506728236985,0,0,79.97389274953653,C,Passenger_356
0,3,female,37.97661327375498,0,1,67.07485617017291,S,Passenger_357
1,3,female,58.979363659155084,2,0,5.0,S,Passenger_358
0,3,male,18.49155943386299,2,0,24.48772121701424,S,Passenger_359
0,3,female,40.62993790694525,3,0,16.617618740132432,S,Passenger_360
1,1,male,,2,2,18.155524985529283,C,Passenger_361
0,1,male,6.384869682125835,1,0,203.57110373393192,S,Passenger_362
0,3,female,0.5025682005497814,3,1,51.46980999199005,S,Passenger_363
1,2,male,,2,0,63.23502451526385,S,Passenger_364
0,1,male,31.579470795217436,0,0,187.7886636113732,C,Passenger_365
1,3,male,22.293285196935447,1,0,23.676635051643704,S,Passenger_366
1,1,female,4.170939324705419,0,1,80.93406719431022,C,Passenger_367
0,3,male,19.33458723405853,3,0,28.504986938955607,S,Passenger_368
0,2,male,29.057302107456387,0,1,101.83200535417039,C,Passenger_369
0,3,female,40.10437113510337,2,1,9.962657002461487,S,Passenger_370
0,2,female,28.76849949653324,2,0,147.52473209791938,C,Passenger_371
0,3,male,32.52884479787389,3,1,12.344393254175555,S,Passenger_372
1,1,male,23.7341466663621,0,2,19.742619164583438,Q,Passenger_373
0,1,male,53.48913883538016,3,0,70.5687604450796,S,Passenger_374
0,2,male,14.74450497940481,0,0,25.02356588495185,S,Passenger_375
1,3,male,19.210664958008213,1,1,46.851640553577745,S,Passenger_376
0,3,female,22.106986964090815,2,1,29.400949690668092,S,Passenger_377
1,2,female,36.59786157167414,3,0,67.81152938586439,S,Passenger_378
0,3,male,14.455962942983673,1,2,12.959995220950264,Q,Passenger_379
0,3,male,30.900060267671982,1,1,5.0,Q,Passenger_380
1,3,female,31.3087420079718,3,1,17.82870441360368,S,Passenger_381
1,1,male,19.27898840973268,3,2,32.15205269135781,Q,Passenger_382
1,3,female,,1,2,9.197346982224508,S,Passenger_383
1,1,male,14.890605417675964,0,0,21.90953659796779,S,Passenger_384
1,2,male,13.360962005535555,1,2,25.53986606612281,S,Passenger_385
0,3,female,30.39448059130017,3,0,5.0,S,Passenger_386
0,1,male,5.763421803307121,1,2,43.77030674777809,Q,Passenger_387
1,3,female,0.5,0,1,107.85650325194625,S,Passenger_388
1,3,male,36.4596662111552,2,0,8.228576022456812,S,Passenger_389
1,3,male,43.685579196276386,2,0,45.54128628821411,S,Passenger_390
0,3,female,22.46475633830459,1,0,54.64232786109861,S,Passenger_391
0,1,male,19.647010870631213,0,2,27.179036506796727,,Passenger_392
1,2,female,43.07749316364384,2,1,60.38190690047156,Q,Passenger_393
0,3,male,12.962464948015121,1,0,26.443670781082584,C,Passenger_394
1,1,male,9.912783253903783,1,0,35.1232516592031,C,Passenger_395
1,2,female,38.906909931918825,0,0,5.0,S,Passenger_396
0,1,male,29.126534611172303,3,0,58.83735941515056,S,Passenger_397
1,1,male,43.90827435006333,1,1,54.13832676009014,S,Passenger_398
1,2,male,0.5,3,2,5.0,S,Passenger_399
0,1,male,9.390564124340116,3,1,22.963085135505064,,Passenger_400
1,3,male,29.200648837818193,2,0,193.23751100352615,C,Passenger_401
0,3,female,34.847431778773014,3,1,27.29989589780929,S,Passenger_402
1,3,female,40.857959227652415,0,0,34.85227898584539,S,Passenger_403
0,1,female,31.44744876332289,2,2,120.35849445762416,S,Passenger_404
1,1,female,31.305172175019965,2,2,63.16170830807772,S,Passenger_405
0,1,female,23.54837839757722,2,2,43.62208191713995,S,Passenger_406
0,3,female,51.27266866866324,1,0,79.92605623483891,Q,Passenger_407
1,3,male,13.55767162341303,1,1,99.88985809830008,S,Passenger_408
0,1,female,34.02628213578315,3,2,30.521992544632415,C,Passenger_409
0,3,female,15.170676315767722,2,0,32.22817235449181,S,Passenger_410
1,1,male,36.486899641270135,2,0,24.392165568190226,S,Passenger_411
1,3,male,14.48175402857127,0,1,170.11911419677435,S,Passenger_412
0,3,male,39.41341977900642,3,2,59.72856590439909,C,Passenger_413
1,3,male,30.56946925554324,0,0,5.0,C,Passenger_414
0,3,female,53.42494842562154,3,1,99.3739838116295,S,Passenger_415
0,3,male,25.0657249381978,3,2,32.750192844142205,S,Passenger_416
0,2,male,34.94952562746563,1,1,5.0,S,Passenger_417
1,3,female,18.084812073550065,1,1,39.89397858349982,S,Passenger_418
1,1,male,24.969497909821875,0,0,26.99249572296216,Q,Passenger_419
1,3,male,30.48049271222094,3,0,105.08411412198089,S,Passenger_420
1,3,male,7.618921085400764,2,0,11.407465688777112,S,Passenger_421
0,3,female,9.15326492141319,1,1,87.5686860262072,S,Passenger_422
0,3,female,37.39803019769903,2,0,40.78706631177119,S,Passenger_423
0,3,male,26.954784498556485,0,1,5.0,S,Passenger_424
0,3,female,20.699028537327692,1,1,178.5020511355982,S,Passenger_425
0,3,male,,1,0,35.93507073255474,C,Passenger_426
1,1,female,19.221156859868287,3,2,17.186303907754372,C,Passenger_427
0,1,female,30.575710010115202,0,2,31.68798660887132,S,Passenger_428
0,2,female,35.230502097626655,3,2,97.54635990236143,C,Passenger_429
0,1,male,0.5,1,1,18.185202687856584,S,Passenger_430
1,3,female,48.77967679477849,0,1,10.701534770501977,S,Passenger_431
0,1,female,47.783810681187894,1,1,6.90975522387576,S,Passenger_432
0,3,male,0.5,0,0,17.68108039088484,S,Passenger_433
0,2,female,,1,1,75.71731669880259,S,Passenger_434
1,1,male,43.77306391863459,2,0,31.897580193027466,S,Passenger_435
0,3,female,29.006236918625632,2,0,12.904972825242004,S,Passenger_436
1,3,male,10.839639293611732,3,2,9.08718616517926,Q,Passenger_437
1,3,female,43.213193283311014,2,2,20.227986642481522,S,Passenger_438
0,3,male,25.62276507183708,1,2,140.60755292789034,S,Passenger_439
0,3,male,36.68430381346539,1,0,21.0055959878204,S,Passenger_440
1,1,male,60.068817807464896,2,0,221.66210588711576,S,Passenger_441
0,3,male,32.525714508730665,3,0,33.20179826967873,,Passenger_442
0,3,male,16.163614315940134,2,1,9.871592316682497,C,Passenger_443
1,3,male,24.299766071123898,0,0,110.88467346008841,S,Passenger_444
1,1,male,17.947764956626173,0,2,30.84222272317241,S,Passenger_445
1,3,male,35.068856044279315,0,2,61.83708497195263,S,Passenger_446
1,1,male,17.715054177502733,2,0,205.8650525056161,S,Passenger_447
0,1,female,22.380080087104997,2,0,5.0,S,Passenger_448
0,2,male,11.017974758293605,2,2,5.084726612342599,S,Passenger_449
1,3,female,27.15078192273199,0,0,63.72991136049364,S,Passenger_450
0,3,female,31.474567106228694,3,2,16.552100581501072,S,Passenger_451
0,3,female,0.5,1,1,10.185517562767199,S,Passenger_452
1,3,male,32.63402986072309,2,2,5.0,Q,Passenger_453
0,2,female,28.36019676464509,3,1,5.0,S,Passenger_454
0,2,male,18.290112717414218,1,0,74.46856389096142,C,Passenger_455
0,2,male,57.400804939778226,1,0,7.2185494603352165,C,Passenger_456
0,3,male,42.41867138646656,1,1,31.529338476935248,S,Passenger_457
0,1,female,13.65036519388038,3,0,46.55712567820531,S,Passenger_458
0,3,male,40.735316313995966,3,1,27.96157563870309,S,Passenger_459
0,3,male,46.42297306429481,0,0,5.0,S,Passenger_460
1,2,female,30.8482929166458,3,2,76.50858359617665,S,Passenger_461
1,3,female,34.06018851726255,3,0,5.0,C,Passenger_462
0,3,male,33.73685333690227,3,2,71.75110418121385,Q,Passenger_463
1,3,male,0.5,1,2,111.8888118831853,S,Passenger_464
0,3,female,,2,1,28.3556844461547,S,Passenger_465
0,2,male,25.6552202122236,0,0,38.34425816125082,S,Passenger_466
1,2,male,49.022178911838296,2,1,32.40710306721102,C,Passenger_467
0,3,male,33.67219008986622,2,0,24.649990806133594,S,Passenger_468
1,3,female,24.833446530366274,3,2,109.20657427566516,S,Passenger_469
0,1,female,27.738253626125843,0,2,112.18445618418788,S,Passenger_470
1,3,female,43.327398142783615,2,0,20.459830423318632,S,Passenger_471
0,3,female,26.415814714565585,2,0,47.73465701841266,Q,Passenger_472
1,3,male,19.225262536717473,0,1,130.80151834527408,S,Passenger_473
0,1,male,25.14016929910787,3,0,163.58548756225147,,Passenger_474
1,3,male,42.16974601351755,2,0,35.561386696895234,Q,Passenger_475
0,3,male,35.94630867837111,1,0,30.149312249787368,,Passenger_476
0,1,male,29.619751626887595,2,1,16.33461295940963,S,Passenger_477
1,1,female,31.681550192227622,1,0,159.5531520471371,S,Passenger_478
0,3,male,21.16360536966325,3,2,7.70503514805673,S,Passenger_479
1,1,female,26.28470839380285,2,1,43.35474393463497,S,Passenger_480
1,3,male,19.71373949515676,0,1,16.60261965310262,S,Passenger_481
0,3,male,24.87309001980359,0,2,16.35638200826161,S,Passenger_482
1,2,male,47.84649569077275,2,2,25.957054025217246,S,Passenger_483
0,3,male,13.90979464071934,3,2,250.0,C,Passenger_484
1,2,female,,3,0,5.0,C,Passenger_485
0,3,male,11.439815918899473,0,2,43.20173596409552,S,Passenger_486
0,2,male,8.407277399373623,2,0,5.0,S,Passenger_487
1,3,male,26.38519320126592,3,1,8.392587362282148,S,Passenger_488
1,1,male,20.353471454788988,0,1,28.951916926726305,S,Passenger_489
0,2,male,53.663645031090695,1,2,35.7144686309625,C,Passenger_490
1,3,female,25.040148353510894,2,0,14.973727113287701,S,Passenger_491
0,2,female,47.05155608802034,1,2,19.02329523883904,S,Passenger_492
0,3,male,42.55209064916887,1,2,5.0,S,Passenger_493
0,2,female,26.074641826863804,3,0,18.064262313775977,S,Passenger_494
0,3,male,58.54189814919872,3,2,169.89779113062545,S,Passenger_495
0,1,male,32.759475810507325,3,1,144.75579317476618,S,Passenger_496
0,3,male,,2,2,20.389261636121574,Q,Passenger_497
1,3,male,48.5523564821377,1,0,42.297897156392786,,Passenger_498
1,1,male,34.80507179146696,2,0,120.17300147987979,S,Passenger_499
1,1,male,39.51583186928191,3,1,5.0,S,Passenger_500
0,1,male,37.73699981167266,1,0,83.21677164334285,Q,Passenger_501
0,3,male,12.980339960516087,2,0,148.18218591413174,S,Passenger_502
1,2,male,29.80206496234223,2,1,5.0,S,Passenger_503
1,3,female,44.03946127522524,0,2,8.803915486109798,S,Passenger_504
0,2,male,50.366608443063264,2,1,161.88548211409136,C,Passenger_505
1,2,male,18.911044594352703,3,2,38.559776142847404,S,Passenger_506
1,3,male,36.40363822538228,2,1,5.0,S,Passenger_507
1,3,male,31.112182985885482,1,2,14.895510011091288,C,Passenger_508
1,1,male,27.34976309585766,2,1,29.886729778947714,C,Passenger_509
0,1,male,33.98403680915037,0,2,59.03054343219857,Q,Passenger_510
0,1,male,32.05196374932592,1,1,66.05537341168576,S,Passenger_511
1,3,male,36.57970596421624,1,2,250.0,S,Passenger_512
1,3,male,49.18403465330073,0,1,16.949554269810665,C,Passenger_513
0,3,male,39.9777862721058,3,0,38.63334561954432,C,Passenger_514
0,3,male,33.348277624217836,1,2,38.105954169723276,S,Passenger_515
0,3,male,55.1047507955231,3,1,26.0139465779218,,Passenger_516
1,3,male,44.539014342324705,1,2,9.266016060389449,C,Passenger_517
1,3,female,27.706421859553124,1,2,189.61556528390346,C,Passenger_518
0,1,male,11.960314367059325,3,1,95.97413779439295,S,Passenger_519
0,1,male,15.170370467113482,1,2,34.49093912080505,S,Passenger_520
0,2,male,42.06525427641888,3,1,46.221869130694465,S,Passenger_521
1,1,female,20.175625290458264,0,0,12.890700112906384,S,Passenger_522
1,3,male,14.887223320432726,3,2,39.23978137800509,S,Passenger_523
1,3,male,18.386805426379205,0,0,59.367279148855175,S,Passenger_524
0,1,male,,1,2,36.19754178929614,,Passenger_525
0,1,male,40.90906734895151,3,2,231.70508776151686,S,Passenger_526
0,3,male,26.805610939048137,1,2,47.25273074927703,S,Passenger_527
0,3,male,9.78675559580832,3,1,23.179111538684225,C,Passenger_528
1,2,female,29.434628568672995,0,0,73.95383301091532,S,Passenger_529
1,3,male,32.111725854275385,0,2,9.344348818922594,S,Passenger_530
1,1,female,22.289283939828078,3,1,24.26730130715167,C,Passenger_531
1,1,female,45.1823911786978,0,2,21.305764427688484,S,Passenger_532
0,3,male,23.106855600308016,1,1,28.264714831505845,Q,Passenger_533
1,3,male,44.51672761292011,1,2,76.11253765342133,C,Passenger_534
1,1,male,37.35495891544967,2,0,33.09919516937448,S,Passenger_535
1,3,male,41.972477112621704,0,0,78.99746297875578,Q,Passenger_536
0,3,male,13.620288228710471,1,2,42.958778124695904,,Passenger_537
0,3,female,30.376342691333438,3,1,20.932793851026204,S,Passenger_538
0,3,female,28.260407935953232,0,2,83.03096688645431,S,Passenger_539
1,3,male,9.091908651294538,1,1,13.60944703258735,S,Passenger_540
0,3,male,44.47085021724073,0,2,12.704820564755195,Q,Passenger_541
0,3,female,17.5563874432971,3,1,35.109691322508205,S,Passenger_542
1,1,female,20.46605039629624,1,0,15.112669074681188,S,Passenger_543
0,1,female,14.813578301631837,2,2,5.0,S,Passenger_544
0,2,male,38.81660856498522,2,0,52.2484854407759,S,Passenger_545
0,3,male,7.636983937183658,0,0,35.77923359336209,S,Passenger_546
1,1,male,37.650247206503956,3,2,29.486029991851915,S,Passenger_547
0,3,male,43.62319580740845,1,2,170.5147034953414,C,Passenger_548
1,3,male,36.520497986760645,3,1,42.33813830778963,S,Passenger_549
0,1,male,38.97679877385001,1,1,99.54647641652645,C,Passenger_550
1,3,female,,0,0,7.509191687390369,S,Passenger_551
0,2,male,15.708059425839302,1,1,42.106316821707125,C,Passenger_552
0,3,male,49.086289715300815,3,1,101.2399512678854,S,Passenger_553
1,1,male,22.55893244213102,3,2,43.746135196452144,S,Passenger_554
0,3,male,28.070573353740393,0,1,63.294924317703064,S,Passenger_555
0,3,male,24.343077543086572,3,0,23.26422452088375,C,Passenger_556
0,3,male,35.88158969228233,1,1,5.0,S,Passenger_557
1,3,female,21.467478596076088,0,0,30.615266856521963,Q,Passenger_558
1,3,male,29.93682013932316,1,2,25.083333998424106,S,Passenger_559
1,3,male,11.70518655995593,3,0,100.89293761294103,S,Passenger_560
0,3,male,45.305312919022,0,1,13.98538445012143,S,Passenger_561
0,3,female,38.39037324330285,1,2,170.16131322534824,Q,Passenger_562
0,1,female,24.908363333375227,3,1,158.66898233462192,S,Passenger_563
0,3,female,22.431913579638653,3,2,14.22646193108916,C,Passenger_564
0,3,male,38.024795448447755,2,2,21.389520327275793,C,Passenger_565
0,3,male,19.097892671096535,3,1,112.95508776901559,S,Passenger_566
0,1,male,30.755114420712367,1,1,169.99324483489548,S,Passenger_567
1,3,male,45.259583024039685,0,2,29.298934269369536,C,Passenger_568
0,2,female,17.642400332079305,2,2,19.35649001942868,S,Passenger_569
0,3,male,34.16041160768284,3,1,37.33731585761023,C,Passenger_570
1,1,female,33.42015373709689,3,0,58.20063207231277,S,Passenger_571
0,3,female,27.63728453872244,3,1,15.97408589782963,S,Passenger_572
1,3,male,21.946945822544887,1,2,66.68000560401077,C,Passenger_573
1,1,female,46.007158796521395,2,1,5.0,S,Passenger_574
1,3,male,20.634039099262473,1,0,5.0,S,Passenger_575
0,2,male,3.631455384185319,2,1,24.411451790312494,S,Passenger_576
1,3,male,37.967470282834476,0,2,21.807030768327003,S,Passenger_577
0,3,male,12.181753103250323,1,1,18.963063511938426,S,Passenger_578
0,3,male,38.68633602797122,1,2,33.767304482344684,C,Passenger_579
0,3,male,47.68864546980822,0,2,19.33709303249422,S,Passenger_580
1,3,male,37.81649829758144,2,1,10.675623872149762,S,Passenger_581
0,2,male,43.99975822642488,3,2,18.514760365294162,S,Passenger_582
0,2,male,57.28068749701506,0,2,184.25288394094432,S,Passenger_583
1,3,male,42.53464647652525,3,0,26.476083621871954,S,Passenger_584
0,3,male,33.628027496756104,3,0,29.41348899641984,Q,Passenger_585
0,3,male,51.87527456933107,0,0,42.96540020920419,C,Passenger_586
0,3,female,53.56685762785219,2,0,204.73953833050342,S,Passenger_587
0,2,female,53.76280496563189,3,2,13.827300555338743,S,Passenger_588
0,3,female,22.109990787255963,0,1,57.1724463254645,S,Passenger_589
0,1,female,,1,2,62.93635731467112,S,Passenger_590
1,3,male,21.255309431911584,1,2,46.73857480194014,S,Passenger_591
0,1,female,38.85098262110445,1,2,5.0,S,Passenger_592
0,2,male,31.22822523464948,0,1,56.48538015236439,S,Passenger_593
1,2,male,26.10926620752414,1,0,5.0,S,Passenger_594
0,2,female,36.8467395832691,3,2,45.33467781591341,S,Passenger_595
1,3,male,8.40872885657426,1,2,67.2732043582701,Q,Passenger_596
0,2,female,30.976370181681578,1,0,11.847539870973122,S,Passenger_597
0,2,female,44.658407027870275,3,2,92.13853728808971,S,Passenger_598
0,1,female,36.6904190238152,1,1,5.0,S,Passenger_599
0,2,female,38.6853375056722,3,2,92.83501993670866,S,Passenger_600
0,1,male,51.36321905933521,1,2,30.839783909849693,S,Passenger_601
0,1,male,28.07399401176866,3,0,12.268687309126555,S,Passenger_602
0,3,male,19.85671674109529,1,2,7.180710980969137,S,Passenger_603
0,3,male,45.65321059731059,3,2,153.2082303754009,,Passenger_604
0,3,male,45.39568883447498,0,1,5.0,C,Passenger_605
0,3,female,36.81608344658115,3,0,11.100548392448713,S,Passenger_606
0,2,female,26.754805991845725,1,0,21.37191404536912,S,Passenger_607
0,3,male,29.01931511411179,1,1,48.41011204494487,,Passenger_608
1,3,male,11.125178670164786,2,2,39.35103901735318,S,Passenger_609
0,3,male,44.58125142290084,3,0,6.71335415390899,,Passenger_610
1,1,male,44.087118333408014,0,0,17.105363041180198,S,Passenger_611
1,2,female,10.636441493465025,3,2,13.6397893255261,S,Passenger_612
0,2,male,41.146849174685904,3,2,12.010852277966627,C,Passenger_613
1,2,male,34.657423170126116,0,0,26.478708940377494,S,Passenger_614
1,3,male,14.692362454528853,3,2,60.87510445297679,S,Passenger_615
0,3,male,12.115997184985428,0,0,12.26006039278473,,Passenger_616
0,3,male,34.22890577162411,0,2,22.83888432115991,Q,Passenger_617
1,3,male,23.43214240530315,3,2,24.790071617686348,S,Passenger_618
1,3,male,54.47928390769539,3,1,187.44533776833782,S,Passenger_619
0,3,male,42.336377525084686,1,2,154.68529241937958,S,Passenger_620
0,3,male,35.63170391425118,1,1,80.50630314578598,S,Passenger_621
0,1,female,36.323106056033524,2,2,13.831101100649521,S,Passenger_622
0,1,male,47.63214052514034,2,0,5.0,S,Passenger_623
0,1,male,40.85125328418273,3,0,19.056003726596444,Q,Passenger_624
0,3,male,,0,2,15.516466455118113,Q,Passenger_625
0,3,female,15.276343531834861,2,2,35.25347854703097,S,Passenger_626
1,2,male,71.86725751568707,3,0,75.19265086281551,S,Passenger_627
0,3,female,13.555441397684737,2,2,97.71025143988216,Q,Passenger_628
0,1,male,24.624401680597696,0,1,93.1726838984011,S,Passenger_629
1,3,male,5.8338041302600345,3,1,22.289014774395017,S,Passenger_630
1,2,male,36.54317422276967,0,1,58.115053500550374,S,Passenger_631
0,1,male,31.115546121987304,3,1,18.758983655938078,S,Passenger_632
0,3,female,39.71387013710664,2,1,5.0,S,Passenger_633
0,2,male,4.653081164537927,1,2,60.46020076459111,S,Passenger_634
0,2,male,44.580679343333045,2,2,5.0,S,Passenger_635
0,2,male,17.695904379425397,2,1,26.31241279700745,S,Passenger_636
0,3,male,26.913927208905886,1,2,19.977576588575598,S,Passenger_637
0,3,male,42.0419977615349,1,2,59.10690276707358,S,Passenger_638
0,2,male,32.65773357784659,3,1,72.67418715654294,C,Passenger_639
0,3,female,33.647195793336095,3,2,18.127079955787558,S,Passenger_640
0,3,male,40.18850347867559,0,2,83.46656579470675,S,Passenger_641
0,2,male,35.00306895914214,0,2,17.401107273569384,Q,Passenger_642
0,2,female,24.224489364317957,2,1,29.55899316347989,Q,Passenger_643
0,1,male,26.669432204706794,1,2,64.91756753103576,S,Passenger_644
1,1,female,31.966301501125518,0,0,59.03238627443741,S,Passenger_645
0,3,male,16.462214690351313,2,0,218.57796964319948,C,Passenger_646
1,1,female,42.94412123144137,1,1,12.755002219923774,C,Passenger_647
1,3,male,33.041155031304775,3,0,54.28251993587032,Q,Passenger_648
0,3,female,30.04686775090756,2,1,47.03966262449153,C,Passenger_649
0,1,female,45.694951826440594,3,0,123.31314909719752,S,Passenger_650
0,3,male,27.318408995040823,0,0,8.501597712233924,,Passenger_651
0,2,female,26.446106039866162,0,0,69.67565036572387,S,Passenger_652
1,3,male,22.2151973039445,1,1,41.997584052617434,S,Passenger_653
0,3,male,33.80293812496309,2,1,16.056143051850945,S,Passenger_654
0,3,male,33.318301516641206,3,2,32.16406206193864,S,Passenger_655
0,3,male,19.672021192861305,1,1,20.306511242698644,S,Passenger_656
0,1,male,26.512284320412398,0,0,43.29335735985363,C,Passenger_657
1,3,male,19.765568240730737,0,0,109.91152902598856,S,Passenger_658
0,3,male,19.131841646583133,2,1,42.117752990292615,S,Passenger_659
0,3,female,4.781430355824142,3,1,49.94591635636997,S,Passenger_660
1,3,female,25.767256448458227,2,1,36.56819599311364,S,Passenger_661
0,3,male,5.169014274879842,3,2,5.0,C,Passenger_662
0,1,male,22.520580391246845,3,0,13.254204188196105,S,Passenger_663
0,1,male,20.422274957713483,2,2,33.863861790165686,Q,Passenger_664
0,3,male,43.72653080171846,1,2,18.570236523790747,S,Passenger_665
0,2,male,14.790912711665015,2,0,10.03019919199958,S,Passenger_666
0,3,male,18.343390612597343,2,0,35.07236072887912,S,Passenger_667
0,3,male,23.658662051317986,0,1,19.49015452525012,S,Passenger_668
0,2,female,20.877988878961133,0,1,14.9275559000476,C,Passenger_669
0,1,male,48.169567163906265,2,2,31.17969560067363,S,Passenger_670
1,3,male,13.060056777305327,2,1,7.152210997701215,C,Passenger_671
0,2,male,23.68833701419821,0,1,131.3781947976804,S,Passenger_672
0,3,male,,3,0,101.1349532637616,,Passenger_673
0,2,male,41.336566802588095,2,0,61.48514781271537,S,Passenger_674
1,3,male,23.676618216977154,1,1,5.614435658230681,C,Passenger_675
0,1,male,2.146605592946905,1,0,74.7780703045502,S,Passenger_676
0,3,male,26.898540897802935,1,1,82.50188411079546,,Passenger_677
1,3,female,47.92839866653001,2,0,73.00019214177723,S,Passenger_678
1,3,female,32.95062370402598,3,0,6.049991349774558,Q,Passenger_679
1,1,male,32.30985007303906,3,0,51.62830169926546,S,Passenger_680
0,3,male,14.117748117922048,0,0,89.88630040848028,S,Passenger_681
0,3,male,12.680597735958692,2,1,43.06094565032964,C,Passenger_682
1,1,male,,3,2,51.98049029908355,,Passenger_683
1,1,male,9.030695088060291,2,0,30.65800643803283,S,Passenger_684
0,1,male,39.939071113075144,0,1,37.61379882178202,S,Passenger_685
0,3,male,17.14695251587093,0,1,5.0,S,Passenger_686
0,3,male,28.65479806975909,0,0,50.93874468440542,Q,Passenger_687
1,3,male,2.5992631374406123,1,2,5.0,C,Passenger_688
0,1,female,23.486773841790907,2,0,28.54776894299875,S,Passenger_689
0,2,female,12.397952340177156,0,1,17.31184464073511,Q,Passenger_690
0,3,female,,2,2,39.41994262708275,S,Passenger_691
0,3,male,36.585789250708444,1,1,7.159830999231379,S,Passenger_692
0,3,female,51.97623354728203,1,0,58.8249189962376,S,Passenger_693
0,1,male,44.812630250815246,0,2,79.24007895636169,S,Passenger_694
0,3,female,38.543669658653265,0,1,8.917738728987993,S,Passenger_695
0,2,male,23.20230364876236,3,1,5.508217745971264,Q,Passenger_696
0,2,female,40.282463199669564,2,1,7.8628447854923955,C,Passenger_697
0,3,male,46.133944780032195,0,0,104.83042751819582,S,Passenger_698
0,3,female,30.915505615398107,3,2,37.55886760536203,S,Passenger_699
0,3,female,12.418957587631681,2,0,31.486182415279252,C,Passenger_700
0,1,male,22.008619819720806,0,0,5.642301959700797,Q,Passenger_701
0,1,male,52.83775083687111,3,0,52.42771881540704,C,Passenger_702
0,3,female,27.95358164589767,3,2,101.24751323483406,S,Passenger_703
0,3,male,0.5,2,0,88.06710110388967,C,Passenger_704
1,2,female,8.435071508617291,3,0,49.18228864824997,S,Passenger_705
0,1,male,23.057718156005258,2,0,5.0,S,Passenger_706
1,1,male,43.501553337845955,2,0,5.961536932293031,S,Passenger_707
0,3,male,25.17628706630323,2,1,5.0,S,Passenger_708
1,1,male,43.76204316962564,1,0,14.885220872054832,S,Passenger_709
1,2,female,21.633727050335153,3,1,7.289538325171298,S,Passenger_710
0,1,male,1.4999046887014167,2,0,15.058500707565688,S,Passenger_711
0,2,male,22.118143779626816,0,2,24.31137075872818,C,Passenger_712
0,1,male,33.82923002164799,1,1,143.220101145545,S,Passenger_713
0,3,male,32.66730489077838,1,1,47.1286630451339,S,Passenger_714
1,1,female,11.428491510407103,3,1,90.08254715260419,S,Passenger_715
1,3,female,24.083253174747284,2,1,61.95435812880584,Q,Passenger_716
1,1,male,66.58543933289704,3,2,5.967514249636929,S,Passenger_717
0,3,female,11.734236431843726,1,0,66.57523651336662,S,Passenger_718
1,3,female,38.250127522492484,2,1,16.086001089330654,S,Passenger_719
1,3,male,0.5,0,2,50.95880552100825,C,Passenger_720
0,3,female,41.09308554397526,2,1,20.84870215114887,,Passenger_721
0,2,male,16.507444537361746,1,0,250.0,S,Passenger_722
1,2,male,34.629235614841164,0,1,15.295797150306978,S,Passenger_723
0,3,female,10.918641575245182,2,2,16.364855807506018,Q,Passenger_724
1,3,male,33.0719392024739,0,0,133.44550501355334,S,Passenger_725
0,3,female,,0,2,5.0,S,Passenger_726
1,3,female,18.989325438467247,1,0,59.649827862105866,S,Passenger_727
0,3,male,35.18780408953043,0,0,64.60858808065866,S,Passenger_728
0,3,female,22.974603330441774,3,0,90.50999592309095,S,Passenger_729
0,1,male,34.32534027502836,1,1,183.3349839755402,S,Passenger_730
1,3,male,,3,2,185.6625401868765,S,Passenger_731
1,3,male,29.94491153746185,0,2,5.0,Q,Passenger_732
0,1,female,35.23121059894762,3,2,86.2534727349106,S,Passenger_733
0,3,male,24.09974163572403,2,0,51.966713407248314,C,Passenger_734
1,1,male,15.055302995975163,0,1,52.11284556163475,S,Passenger_735
0,3,female,21.54762827698294,2,0,6.8683613800831935,S,Passenger_736
1,1,female,45.7319485176681,3,2,52.51785144038891,S,Passenger_737
0,3,female,30.626423177071697,2,1,202.2279749457288,Q,Passenger_738
0,3,male,17.17142165225337,0,1,121.41794385659172,C,Passenger_739
0,2,male,34.62184851742806,2,1,28.91336537734984,S,Passenger_740
0,3,male,35.556418189147934,3,2,5.0,C,Passenger_741
1,3,female,36.279987061169344,3,1,22.49385585756598,S,Passenger_742
0,3,male,15.310279194802002,3,1,87.54728347802879,,Passenger_743
0,1,male,19.44652607999747,0,0,60.44911679935314,S,Passenger_744
1,2,female,19.524390970581837,3,0,30.74857124422771,Q,Passenger_745
0,1,male,23.950929231073314,0,1,5.0,S,Passenger_746
0,3,female,36.544868592012286,2,1,27.83429290328935,S,Passenger_747
1,3,female,,3,0,31.652011314842245,S,Passenger_748
1,3,female,34.25303740020028,2,0,131.94174074456996,S,Passenger_749
0,3,male,47.95626799320132,1,0,51.23363810539973,S,Passenger_750
1,3,male,38.644473054882816,2,2,18.673104332512157,S,Passenger_751
1,3,female,27.014777250054777,1,2,37.25553649703846,S,Passenger_752
0,1,female,12.425607535265005,2,0,5.0,S,Passenger_753
0,3,female,18.996341881407815,0,1,179.80268270906396,S,Passenger_754
1,1,male,25.336129052504823,2,0,22.31903518878148,S,Passenger_755
1,3,female,,0,2,32.491680700900254,Q,Passenger_756
0,3,female,28.617352922514694,0,1,21.94726646342402,S,Passenger_757
1,3,female,19.813256631561796,3,2,57.36572032898788,S,Passenger_758
1,1,female,,0,1,54.26982392290495,S,Passenger_759
0,2,female,28.025905075102834,1,2,62.81988264083703,S,Passenger_760
0,2,male,41.4598258710394,3,1,15.60852265176102,,Passenger_761
0,2,male,51.27427028085164,3,1,18.96564010583294,S,Passenger_762
1,1,male,26.119239627584655,2,1,6.690927755226514,S,Passenger_763
0,3,male,28.373595469323625,0,1,53.28450673998246,Q,Passenger_764
0,3,male,12.00481611379664,0,2,5.0,S,Passenger_765
1,2,male,56.14869596739253,1,2,45.525664613706,S,Passenger_766
1,2,male,9.385960265814823,2,1,101.89421066221959,S,Passenger_767
0,2,male,45.4032723649277,2,1,110.74343286358616,S,Passenger_768
1,3,male,23.88529665782541,3,2,29.804450139727145,,Passenger_769
0,3,female,20.608869086235533,3,1,30.744875189969,S,Passenger_770
1,3,female,13.459949993597027,3,1,5.0,S,Passenger_771
0,3,male,62.74068109169987,1,1,55.54917873811834,S,Passenger_772
0,3,female,32.10088272589752,1,0,86.09099000916676,S,Passenger_773
1,3,male,29.297926119456886,3,1,14.0290376376671,S,Passenger_774
0,1,male,41.41425303376359,2,0,27.34862969378544,,Passenger_775
0,3,male,19.888341841180516,1,1,91.26767516434536,C,Passenger_776
1,1,male,29.025843373234082,2,2,104.82754077177302,Q,Passenger_777
1,3,female,29.788708015369693,2,0,13.931490422755516,C,Passenger_778
1,2,female,21.829959747126136,0,0,39.988828883301785,S,Passenger_779
1,3,male,45.7949331086028,3,1,10.690187086828235,,Passenger_780
0,3,male,25.938838239057343,0,1,5.372510663319602,C,Passenger_781
0,3,male,7.256151252836386,3,0,121.02368874451595,C,Passenger_782
0,3,male,24.779036910707767,3,2,85.88109391173631,C,Passenger_783
0,2,male,32.48850140399456,2,2,71.36308951975792,S,Passenger_784
1,1,male,16.491094725573483,3,1,5.0,,Passenger_785
0,2,female,17.595672895613856,2,2,92.80811364606515,C,Passenger_786
0,1,female,21.35237346623543,2,2,28.81659295209507,C,Passenger_787
0,3,male,46.097299240937446,3,1,20.957550967752123,Q,Passenger_788
1,2,female,22.179787682960114,2,2,39.53539425761557,S,Passenger_789
0,3,male,49.00763825971443,2,1,5.0,S,Passenger_790
0,3,male,20.3906938659233,2,0,70.66201815154282,S,Passenger_791
0,3,male,33.55019790759159,1,1,43.66576211608102,C,Passenger_792
0,1,male,22.752602560923485,2,0,10.326005530273132,S,Passenger_793
0,3,female,39.55716438406661,1,0,10.427047001080515,S,Passenger_794
1,3,male,13.34416183608609,1,2,10.182284525958716,Q,Passenger_795
1,3,male,39.40003271408124,2,2,5.0,S,Passenger_796
0,3,male,30.59417160433557,2,2,44.31214243490141,C,Passenger_797
1,3,male,20.040114565115715,1,1,91.7379972422134,S,Passenger_798
1,1,female,26.672899214057892,1,2,5.0,C,Passenger_799
1,3,male,50.473969174450446,2,0,5.0,S,Passenger_800
0,2,male,30.92982306833097,2,2,42.5216708356428,Q,Passenger_801
0,1,male,19.161807777223057,3,2,85.60002989082547,Q,Passenger_802
0,2,male,12.134294040406424,1,1,19.781102311442496,S,Passenger_803
0,1,male,36.07565982803396,1,1,21.509492969092534,S,Passenger_804
1,1,female,31.741833458149596,3,0,45.35992180495252,S,Passenger_805
1,1,male,38.73028973123513,1,1,16.02492714337647,S,Passenger_806
1,3,female,8.52885364434221,0,2,5.0,C,Passenger_807
0,3,female,12.588353659519,1,1,66.44440787386448,S,Passenger_808
0,3,female,45.0563087895266,3,0,49.12819288731211,S,Passenger_809
1,2,male,33.63878305491077,0,2,43.465109369943306,S,Passenger_810
1,2,male,36.46761191732587,2,0,67.67860683394994,C,Passenger_811
0,3,male,15.522381550488655,3,1,56.23203092174411,Q,Passenger_812
1,2,female,15.26617922339514,3,1,11.526159964046741,S,Passenger_813
1,1,male,42.87762121468924,2,0,21.73036073534379,S,Passenger_814
0,3,male,43.53728716671208,3,2,6.740046574753866,S,Passenger_815
0,1,male,13.763527181593247,1,1,6.9548864222321205,S,Passenger_816
0,3,male,11.088813058060168,2,1,56.38080505933256,S,Passenger_817
0,3,male,,3,2,97.80816410573524,S,Passenger_818
0,1,male,17.80912165273591,2,1,164.48179480354014,S,Passenger_819
1,1,female,17.517523693355642,2,0,49.489748601038464,S,Passenger_820
0,3,male,11.480704550016505,2,1,10.173255125667337,,Passenger_821
0,3,male,22.441926124074865,0,1,5.5829233899968775,S,Passenger_822
0,1,male,12.834273603139877,3,2,83.79250179324124,S,Passenger_823
0,3,male,,0,0,43.22720857910576,C,Passenger_824
1,1,male,33.17748585192826,3,2,48.15405385879955,S,Passenger_825
0,3,female,,1,1,76.03978863268138,S,Passenger_826
0,3,male,35.78830154144985,1,1,60.74785014010112,S,Passenger_827
1,1,female,5.913531905109711,1,2,89.9265933685352,C,Passenger_828
0,1,male,29.138328537616683,3,2,5.0,Q,Passenger_829
0,1,male,58.058925590321735,2,2,68.82128816479518,S,Passenger_830
0,2,female,23.788185220001612,2,0,95.14106275493519,S,Passenger_831
0,1,male,40.546486092012174,0,1,16.85307348132644,S,Passenger_832
0,3,male,40.424095882841925,0,2,51.14472238721316,S,Passenger_833
0,1,male,41.112780512017856,1,1,18.855696191336328,S,Passenger_834
0,3,male,31.33326361880252,0,0,158.46985023009577,S,Passenger_835
1,3,female,36.925203758419,3,0,5.0,S,Passenger_836
0,3,male,38.786190680182074,3,0,43.350373016649726,S,Passenger_837
0,3,female,37.89624439640101,0,0,9.106291620431998,S,Passenger_838
1,2,female,13.356145570812455,0,1,62.27798463062179,S,Passenger_839
0,3,male,5.096617244384184,0,0,9.672580337277715,S,Passenger_840
1,3,female,7.249830392192699,0,0,13.419028332078364,S,Passenger_841
0,2,male,25.217760106642707,1,2,34.09758532490763,S,Passenger_842
1,1,female,37.314974281917024,1,0,123.15820702687368,C,Passenger_843
0,3,male,13.538242114837814,0,2,11.894739145394322,S,Passenger_844
0,2,female,41.93558642018166,3,0,7.788267033093129,S,Passenger_845
0,1,male,21.968147556889594,1,0,71.14311083631173,Q,Passenger_846
1,2,male,22.101427043282897,3,2,34.71935067515635,S,Passenger_847
0,2,male,17.294502057685595,2,0,121.39897681780023,S,Passenger_848
0,3,female,2.6129909737721704,3,1,7.927198310638528,S,Passenger_849
0,3,male,32.210397798085054,0,1,51.91273472827269,C,Passenger_850
1,3,male,52.97734797973997,2,0,13.255546154023111,Q,Passenger_851
0,1,female,28.122696670544112,1,1,8.525208616449735,C,Passenger_852
1,2,female,3.0911570162720636,1,2,57.51045226909061,S,Passenger_853
0,3,female,39.924799362630246,2,0,45.03128113388318,S,Passenger_854
0,1,female,6.252828138558151,3,0,70.28965323619332,S,Passenger_855
0,2,female,12.073518442151403,1,2,18.51425549203286,,Passenger_856
0,3,female,25.663265587610006,0,2,29.70779434447734,S,Passenger_857
0,1,male,30.719808139562772,2,2,25.99934605720818,S,Passenger_858
0,3,male,14.878703983664401,0,0,207.03868727959164,,Passenger_859
1,1,female,25.11757520807627,2,2,17.283144046938887,S,Passenger_860
0,1,male,39.012273610649586,1,2,17.464913668912494,S,Passenger_861
0,2,male,40.930504387312254,3,1,21.890237797972812,S,Passenger_862
0,3,male,46.5203899053997,2,1,41.57382682724594,C,Passenger_863
0,3,female,55.73186113210891,2,0,14.539193520438396,C,Passenger_864
0,3,male,40.338450503255636,0,1,123.42604583586723,S,Passenger_865
0,3,male,25.965688798340633,1,1,15.440897817890548,S,Passenger_866
0,1,male,41.03039307572161,0,2,113.07970678633342,S,Passenger_867
1,3,male,35.53402727607255,1,2,5.461458554704887,Q,Passenger_868
1,3,male,36.08913768536756,0,1,53.43753618595588,S,Passenger_869
0,3,male,31.481062991003597,2,1,118.75000411167527,S,Passenger_870
0,1,male,16.231242569845307,0,1,9.241200570057446,S,Passenger_871
1,3,female,14.60665029049298,3,0,172.61447181381305,S,Passenger_872
0,1,male,27.640345184948004,1,0,30.154663210966593,C,Passenger_873
0,2,female,,1,0,145.67546654622103,S,Passenger_874
0,3,female,19.487827078956016,2,1,56.47729852201779,S,Passenger_875
1,3,male,34.92678728052005,1,1,17.947223716893294,S,Passenger_876
1,2,female,58.13072265654865,3,0,10.431378793646342,S,Passenger_877
0,2,male,4.579369930104395,0,0,18.101250518858567,Q,Passenger_878
0,3,female,37.151422685892655,2,1,5.0,S,Passenger_879
0,3,male,28.076355307528658,3,2,7.766533490445192,C,Passenger_880
1,3,female,35.30917777468517,1,0,5.527611819946485,,Passenger_881
0,3,male,22.969994193555923,1,1,27.490758639589558,S,Passenger_882
0,3,male,26.95516160933966,3,1,79.37853174723499,S,Passenger_883
1,2,male,30.813006314113387,0,2,7.621648459481406,S,Passenger_884
0,3,female,,0,1,6.981522458447777,C,Passenger_885
1,2,female,7.712421556821418,2,1,51.56108794468862,S,Passenger_886
0,2,male,25.725189570977655,1,0,10.981423196946427,S,Passenger_887
0,3,male,9.169929205253283,3,0,5.135426104560245,S,Passenger_888
0,1,male,38.14470354812433,0,2,9.126993723510875,C,Passenger_889
1,3,female,2.8823685849062883,2,2,128.67469523768364,S,Passenger_890
